Ксения Устинова;Некрасова улица, 999, Тольятти, Литва;(921)490-62-45
Антонина Игнатова;проспект Московская, 429, Киров, Чад;(971)656-92-47
Ангелина Кудряшова;Октябрьская площадь, 020, Ставрополь, Корея (Южная);(962)931-45-41
Анжела Колобова;Березовая пр., 799, Ставрополь, Тонга;(935)475-85-87
Юлия Исакова;Колхозная улица, 721, Самара, Перу;(926)359-40-64
Таисия Кошелева;Цветочная улица, 324, Тольятти, Новая Зеландия;(946)626-62-28
Жанна Шашкова;Интернациональная улица, 390, Томск, Доминиканская Республика;(989)049-22-90
Александра Тимофеева;Коммунальная площадь, 673, Сочи, Свазиленд;(949)923-67-84
Денис Пахомов;Чапаева пр., 580, Ярославль, Мозамбик;(932)338-83-82
Ульяна Гущина;пр. Речная, 295, Волгоград, Габон;(931)061-71-93
Станислав Романов;пл. Дружбы, 645, Тольятти, Коморские Острова;(904)176-93-10
Юлия Носова;Труда пр., 059, Воронеж, Буркина-Фасо;(923)778-69-97
Клавдия Агафонова;улица Речная, 717, Самара, Самоа;(988)788-41-72
Екатерина Данилова;Рабочая проспект, 000, Владимир, Азербайджан;(971)031-39-16
Раиса Мясникова;ул. Рабочая, 837, Санкт-Петербург, Гондурас;(947)130-61-88
Анатолий Шубин;Дорожная пл., 355, Краснодар, Мексика;(998)326-23-78
Римма Зуева;Набережная ул., 904, Ижевск, Центральноафриканская Республика;(924)975-64-11
Елена Жукова;Юбилейная пр., 385, Нижний Новгород, Парагвай;(925)083-05-58
Ульяна Алексеева;Юбилейная улица, 726, Курск, Сент-Винсент и Гренадины;(973)465-39-18
Елизавета Турова;Крупской ул., 937, Санкт-Петербург, Катар;(916)218-00-47
Анатолий Русаков;Энергетиков пр., 834, Челябинск, Никарагуа;(991)524-07-70
Егор Фокин;Солнечная площадь, 021, Брянск, Мавритания;(908)007-92-99
Василий Прохоров;Энергетиков площадь, 395, Белгород, Испания;(955)609-41-06
Борис Ефремов;Майская ул., 697, Оренбург, Исландия;(914)419-98-05
Дмитрий Соболев;пл. Почтовая, 101, Пермь, Туркменистан;(938)679-64-91
Татьяна Лукина;ул. Трудовая, 117, Тула, Танзания;(964)425-13-85
Семён Орлов;ул. Трактовая, 506, Тольятти, Люксембург;(903)751-18-50
Алёна Белякова;проспект Майская, 096, Санкт-Петербург, Кипр;(902)067-15-39
Валерий Сидоров;Чехова проспект, 213, Владивосток, Сан-Марино;(920)304-81-99
Денис Доронин;площадь 8 Марта, 769, Новосибирск, Мальта;(935)089-00-55
Евгения Пахомова;пл. Садовая, 239, Киров, Колумбия;(942)949-75-14
Маргарита Самсонова;ул. Космонавтов, 934, Нижний Новгород, Албания;(985)867-59-51
Евгения Кулагина;Маяковского площадь, 228, Белгород, Гайана;(923)544-86-32
Игнатий Ефимов;Горького пл., 082, Краснодар, Тёркс и Кайкос (не признана);(935)449-21-83
Даниил Казаков;Полевая улица, 040, Ростов-на-Дону, Южно-Африканская Республика;(982)871-90-85
Алевтина Гордеева;проспект Садовая, 607, Москва, Экваториальная Гвинея;(996)279-76-15
Игорь Орехов;площадь Горького, 570, Пермь, Словения;(963)142-28-83
Никита Потапов;пл. Березовая, 831, Киров, Португалия;(996)772-89-68
Андрей Кириллов;пл. Строителей, 739, Омск, Россия;(969)869-52-86
Елена Воронцова;пр. Речная, 172, Пермь, Гамбия;(999)784-68-79
Андрей Журавлев;пр. Степная, 299, Краснодар, Фарерские Острова (не признана);(909)444-45-37
Маргарита Кузнецова;проспект Майская, 664, Тольятти, Камбоджа;(954)003-23-50
Никита Потапов;улица Почтовая, 643, Томск, Канада;(989)007-44-65
Юрий Фокин;Школьная проспект, 095, Брянск, Таджикистан;(931)929-06-81
Вадим Гаврилов;пл. Западная, 109, Саратов, Венгрия;(969)846-81-91
Надежда Орехова;площадь Мичурина, 180, Оренбург, Гондурас;(923)758-81-99
Клавдия Русакова;улица Железнодорожная, 227, Челябинск, Аомынь (не признана);(935)225-16-07
Арина Казакова;Ленина улица, 776, Киров, Иордания;(995)903-57-02
Арсений Александров;Парковая площадь, 525, Киров, Гвинея;(910)375-49-51
Варвара Блохина;Комарова улица, 209, Пенза, Непал;(928)315-76-13
Станислав Крылов;Партизанская площадь, 519, Иркутск, Объединенные Арабские Эмираты;(970)667-20-44
Жанна Елисеева;40 лет Победы проспект, 167, Тюмень, Эквадор;(962)795-68-72
Василиса Дроздова;Совхозная ул., 474, Тверь, Сент-Люсия;(957)848-89-30
Анна Суворова;пл. Крупской, 733, Тольятти, Зимбабве;(976)326-54-75
Владимир Щукин;пл. Кооперативная, 054, Ставрополь, Литва;(960)475-38-24
Маргарита Ершова;Дзержинского проспект, 291, Сочи, Албания;(989)558-80-81
Лаврентий Муравьев;Луговая ул., 149, Рязань, Финляндия;(930)279-34-69
Тамара Сафонова;проспект Дачная, 804, Тверь, Канада;(908)665-07-10
Аркадий Мишин;площадь Березовая, 071, Махачкала, Италия;(978)186-51-46
Лидия Кудрявцева;Школьная пл., 853, Хабаровск, Швейцария;(902)792-28-54
Фёдор Артемьев;Чкалова пр., 609, Рязань, Бангладеш;(907)990-99-18
Регина Давыдова;улица Парковая, 163, Пермь, Азербайджан;(930)054-97-31
Ульяна Котова;Чкалова проспект, 781, Екатеринбург, Токелау (не признана);(946)150-79-77
Кира Козлова;площадь Энергетиков, 427, Тула, Буркина-Фасо;(961)814-83-21
Алина Князева;улица Кооперативная, 268, Ульяновск, Малави;(909)158-00-64
Эдуард Беспалов;Рабочая пл., 381, Киров, Беларусь;(918)791-36-16
Алевтина Воронова;Строителей ул., 346, Барнаул, Ливан;(997)605-36-28
Вячеслав Виноградов;пр. Комсомольская, 720, Киров, Гана;(997)393-47-73
Тамара Власова;Дорожная улица, 764, Пермь, Сан-Марино;(982)031-43-15
Алексей Шаров;Цветочная проспект, 677, Самара, Ливия;(920)701-77-60
Ангелина Воробьева;пр. Горная, 781, Тула, Венесуэла;(992)095-95-78
Артём Баранов;ул. Крупской, 374, Киров, Чили;(908)432-23-48
Аркадий Бобылев;Комсомольская ул., 423, Барнаул, Гондурас;(971)420-61-13
Светлана Владимирова;проспект Почтовая, 735, Екатеринбург, Беларусь;(925)505-69-65
Игорь Кузьмин;проспект Гагарина, 058, Тольятти, Норвегия;(997)641-78-60
Алевтина Воронова;пр. Коммунистическая, 210, Воронеж, Португалия;(931)515-20-89
Анастасия Гуляева;проспект Садовый, 913, Магнитогорск, Эстония;(948)862-51-60
Андрей Субботин;Гагарина площадь, 254, Тула, Сингапур;(973)572-35-41
Людмила Носкова;пр. Красноармейская, 479, Владивосток, Объединенные Арабские Эмираты;(974)883-59-61
Роман Шашков;проспект Матросова, 576, Иркутск, Греция;(961)740-81-26
Татьяна Комиссарова;Комсомольская пр., 951, Рязань, Катар;(909)387-97-21
Арина Николаева;пр. Калинина, 523, Томск, Индия;(941)009-14-97
Евгения Семенова;пр. Шоссейная, 666, Магнитогорск, Токелау (не признана);(932)904-07-46
Владислав Воронцов;Заводская ул., 352, Хабаровск, Словакия;(905)270-65-53
Надежда Калашникова;проспект Красная, 030, Ставрополь, Сенегал;(935)203-50-75
Юрий Селиверстов;проспект 40 лет Победы, 720, Кемерово, Тайвань (не признана);(988)401-79-07
Екатерина Власова;улица Матросова, 912, Ульяновск, Французская Полинезия (не признана);(963)126-65-67
Вадим Лобанов;Дачная площадь, 818, Сочи, Мальта;(955)195-53-49
Екатерина Носова;Горького ул., 760, Кемерово, Парагвай;(932)162-01-68
Маргарита Герасимова;Октябрьская улица, 763, Киров, Грузия;(950)483-42-88
Егор Сидоров;Гагарина пл., 899, Челябинск, Намибия;(964)040-33-50
Анастасия Захарова;улица Горького, 832, Курск, Сент-Люсия;(967)778-33-35
Анжела Сысоева;Березовая пр., 926, Сочи, Доминиканская Республика;(955)518-36-86
Раиса Матвеева;Коммунистическая площадь, 868, Воронеж, Эстония;(908)216-15-64
Анжелика Антонова;проспект Комсомольская, 325, Владивосток, Французская Полинезия (не признана);(925)183-40-25
Анжелика Лебедева;Кирова пр., 170, Ижевск, Финляндия;(935)880-45-59
Светлана Михайлова;Чапаева ул., 978, Барнаул, Эритрея;(916)377-89-86
Жанна Зиновьева;ул. Полевая, 613, Нижний Новгород, Оман;(987)646-03-95
Максим Исаков;Крупской ул., 041, Махачкала, Мадагаскар;(975)333-67-00
Тамара Лыткина;Гагарина пр., 511, Пенза, Аргентина;(980)466-42-22
